Package,Version
@adminide-stack/clock-tik-browser,12.0.24
@adminide-stack/yantra-mobile,12.0.33
@arv-bedrock/auth,1.1.7
@arv-bedrock/auth,1.1.8
@arv-bedrock/auth-admin,1.0.2
@arv-bedrock/auth-admin,1.0.3
@arv-bedrock/auth-sso,1.6.1
@arv-bedrock/auth-sso,1.6.2
@arv-bedrock/auth-sso-backend,1.7.1
@arv-bedrock/auth-sso-backend,1.7.2
@arv-bedrock/logger,1.7.1
@arv-bedrock/logger,1.7.2
babel-plugin-linaria-css-to-undefined,0.3.1
babel-plugin-linaria-css-to-undefined,0.3.2
babel-plugin-linaria-css-to-undefined,0.3.3
babel-plugin-linaria-css-to-undefined,0.3.4
babel-plugin-linaria-css-to-undefined,0.3.5
babel-plugin-linaria-css-to-undefined,0.3.6
babel-plugin-linaria-css-to-undefined,0.3.7
babel-plugin-linaria-css-to-undefined,0.3.8
babel-plugin-linaria-css-to-undefined,0.3.9
cache-manager,7.2.10
cacheable,2.5.1
cacheable-request,13.0.20
@cacheable/memory,2.2.1
@cacheable/net,2.1.1
@cacheable/node-cache,3.1.2
@cacheable/utils,2.5.1
conv-context-next,1.0.1
conv-context-next,1.0.2
conv-context-next,1.0.3
conv-context-next,1.0.4
conv-context-next,1.0.5
conv-context-next,1.0.6
conv-context-next,1.0.7
conv-context-next,1.0.8
@deliveroo/determinator,0.2.1
@deliveroo/reevent,1.0.1
ecto,5.0.1
editable-contracts,0.0.12
editable-contracts,0.0.13
editable-contracts,0.0.14
editable-contracts,0.0.15
editable-contracts,0.0.16
editable-contracts,0.0.17
editable-contracts,0.0.18
editable-contracts,0.0.19
editable-contracts,0.0.20
editable-contracts,0.0.21
editable-contracts,0.0.22
editable-contracts,0.0.23
editable-contracts,0.0.24
editable-contracts,0.0.25
eslint-plugin-folder-schema,1.0.6
eslint-plugin-folder-schema,1.0.7
eslint-plugin-folder-schema,1.0.8
eslint-plugin-folder-schema,1.0.9
eslint-plugin-folder-schema,1.0.10
eslint-plugin-folder-schema,1.0.11
eslint-plugin-folder-schema,1.0.12
eslint-plugin-folder-schema,1.0.13
eslint-plugin-folder-schema,1.0.14
eslint-plugin-folder-schema,1.0.15
eslint-plugin-folder-schema,1.0.16
eslint-plugin-folder-schema,1.0.17
eslint-plugin-folder-schema,1.0.18
eslint-plugin-folder-schema,1.0.19
example-js-project,1.0.2
example-js-project,1.0.3
example-js-project,1.0.4
example-js-project,1.0.5
example-js-project,1.0.6
example-js-project,1.0.8
example-js-project,1.0.9
file-entry-cache,11.1.6
flat-cache,6.1.24
folder-lint,1.0.6
folder-lint,1.0.7
folder-lint,1.0.8
folder-lint,1.0.9
folder-lint,1.0.10
folder-lint,1.0.11
folder-lint,1.0.12
folder-lint,1.0.13
folder-lint,1.0.14
folder-lint,1.0.15
folder-lint,1.0.16
folder-lint,1.0.17
folder-lint,1.0.18
folder-lint,1.0.19
frontend-orb,4.4.1
frontend-orb,4.4.2
frontend-orb,4.4.3
frontend-orb,4.4.4
frontend-orb,4.4.5
frontend-orb,4.4.6
frontend-orb,4.4.7
frontend-orb,4.4.8
frontend-orb,4.4.9
frontend-orb,4.4.10
hamus.js,0.4.1
http-metrics-middleware,2.2.2
@hubsync/web-sdk-react,6.3.7
@hubsync/web-sdk-react,6.3.8
@hubsync/web-sdk-react,6.3.9
@hubsync/web-sdk-react,6.3.10
@hubsync/web-sdk-react,6.3.11
@hubsync/web-sdk-react,6.3.12
@hubsync/web-sdk-react,6.3.13
@hubsync/web-sdk-react,6.3.14
@hubsync/web-sdk-react,6.3.15
@hubsync/web-sdk-react,6.3.16
@hubsync/web-sdk-react,6.3.17
@hubsync/web-sdk-react,6.3.18
@hubsync/web-sdk-react,6.3.19
@hubsync/web-sdk-react,6.3.20
@hubsync/web-sdk-react,6.3.21
@hubsync/web-sdk-react,6.3.22
@hubsync/web-sdk-react,6.3.23
@hubsync/web-sdk-react,6.3.24
@hubsync/web-sdk-react,6.3.25
@hubsync/web-sdk-react,6.3.26
@hubsync/web-sdk-react,6.3.27
@hubsync/web-sdk-react,6.3.28
@hubsync/web-sdk-react,6.3.29
@hubsync/web-sdk-react,6.3.30
@hubsync/web-sdk-react,6.3.31
@hubsync/web-sdk-react,6.3.32
@hubsync/web-sdk-react,6.3.33
keyv,6.0.0
native-frontend-orb,1.1.4
native-frontend-orb,1.1.5
native-frontend-orb,1.1.6
native-frontend-orb,1.1.7
native-frontend-orb,1.1.8
native-frontend-orb,1.1.9
native-frontend-orb,1.1.10
native-frontend-orb,1.1.11
@nebula.js/cli,7.1.2
@nebula.js/cli-build,7.1.2
@nebula.js/cli-sense,7.1.2
@nebula.js/cli-serve,7.1.2
@nebula.js/locale,0.6.2
@nebula.js/nucleus,0.5.1
@nebula.js/sn-action-button,2.3.1
@nebula.js/sn-animator,2.13.1
@nebula.js/sn-distributionplot,1.0.7
@nebula.js/sn-layout-container,4.4.1
@nebula.js/sn-line-chart,2.7.1
@nebula.js/sn-listbox,0.19.3
@nebula.js/sn-map,0.12.7
@nebula.js/sn-nav-menu,0.14.2
@nebula.js/sn-org-chart,1.7.1
@nebula.js/sn-shape,1.5.1
@nebula.js/sn-slider,0.20.1
@nebula.js/sn-tabbed-container,2.4.1
@nebula.js/snapshooter,0.6.1
@nebula.js/stardust,7.1.2
@nebula.js/test-utils,0.6.1
@nebula.js/theme,0.6.1
@onereach/authorizer-helper,0.0.11
@onereach/authorizer-helper,0.0.12
@onereach/bandwidth-steps-voice-bxml,0.1.1
@onereach/bandwidth-steps-voice-bxml,0.1.2
@onereach/billing-dto,27.2.1
@onereach/billing-shared,27.2.1
@onereach/billing-shared,27.2.2
@onereach/cb-schema-translator,1.3.1
@onereach/cb-schema-translator,1.3.2
@onereach/channel-transformer,0.0.66
@onereach/channel-transformer,0.0.67
@onereach/channel-transformers,0.0.5
@onereach/channel-transformers,0.0.6
@onereach/ckeditor5-build-classic,30.0.1
@onereach/ckeditor5-build-classic,30.0.2
@onereach/condition-builder,1.0.8
@onereach/condition-builder,1.0.9
@onereach/content-builder,0.0.18
@onereach/content-builder,0.0.19
@onereach/content-builder-template-compiler,0.0.3
@onereach/content-builder-template-compiler,0.0.4
@onereach/expression-components,9.1.1
@onereach/expression-components,9.1.2
@onereach/font-icons,27.0.2
@onereach/font-icons,27.0.3
@onereach/get-version-data,3.1.2
@onereach/get-version-data,3.1.3
@onereach/idw-apps,0.1.3
@onereach/idw-apps,0.1.4
@onereach/idw-contracts,0.1.2
@onereach/idw-contracts,0.1.3
@onereach/idw-init-account-resources,1.0.1
@onereach/idw-init-account-resources,1.0.2
@onereach/idw-sdk,0.1.2
@onereach/idw-sdk,0.1.3
@onereach/idw-ui-components,0.1.2
@onereach/lambda-invocation,1.2.1
@onereach/lambda-invocation,1.2.2
@onereach/messengers-infobip-sdk,0.1.1
@onereach/messengers-infobip-sdk,0.1.2
@onereach/or-browser,0.0.48
@onereach/or-browser,0.0.49
@onereach/or-browser-next,0.0.11
@onereach/or-browser-next,0.0.12
@onereach/or-content-builder-renderer,0.0.2
@onereach/or-content-builder-renderer,0.0.3
@onereach/or-file-uploader-next,0.0.8
@onereach/or-file-uploader-next,0.0.9
@onereach/or-pro,1.13.1
@onereach/or-pro,1.13.2
@onereach/or-sdk-agent-cli,0.0.7
@onereach/orest-cli,2.4.1
@onereach/orest-cli,2.4.2
@onereach/orest-input-cli,1.18.1
@onereach/orest-input-cli,1.18.2
@onereach/orest-jest-presets,0.0.3
@onereach/orest-jest-presets,0.0.4
@onereach/orest-vue-demi-vue2,0.0.4
@onereach/orest-vue-demi-vue2,0.0.5
@onereach/orest-vue-demi-vue3,0.0.4
@onereach/orest-vue-demi-vue3,0.0.5
@onereach/orest-vue3,0.0.4
@onereach/orest-vue3,0.0.5
@onereach/phonenumber-interpreter,0.0.18
@onereach/phonenumber-interpreter,0.0.19
@onereach/pnpm-audit-junit,1.0.3
@onereach/postcss-scoped-selector,1.2.1
@onereach/postcss-scoped-selector,1.2.2
@onereach/regex-helper,0.5.16
@onereach/regex-helper,0.5.17
@onereach/regular-expressions,0.5.23
@onereach/regular-expressions,0.5.24
@onereach/regular-expressions-test,0.0.4
@onereach/regular-expressions-test,0.0.5
@onereach/rwc-client,6.4.7
@onereach/rwc-client,6.4.8
@onereach/salesforce-miaw-client,0.0.3
@onereach/salesforce-miaw-client,0.0.4
@onereach/si-a-button,0.0.3
@onereach/si-a-button,0.0.4
@onereach/si-alert,0.4.11
@onereach/si-alert,0.4.12
@onereach/si-checkbox,0.6.5
@onereach/si-checkbox,0.6.6
@onereach/si-checkbox-group,0.3.5
@onereach/si-checkbox-group,0.3.6
@onereach/si-code,0.6.4
@onereach/si-code,0.6.5
@onereach/si-collapsible-group,0.6.4
@onereach/si-collapsible-group,0.6.5
@onereach/si-copyable-text,0.4.11
@onereach/si-copyable-text,0.4.12
@onereach/si-datepicker,0.4.5
@onereach/si-datepicker,0.4.6
@onereach/si-divider,0.4.11
@onereach/si-dropdown-advanced,0.4.5
@onereach/si-dropdown-advanced,0.4.6
@onereach/si-dropdown-simple,0.4.5
@onereach/si-dropdown-simple,0.4.6
@onereach/si-header,0.4.11
@onereach/si-header,0.4.12
@onereach/si-header,0.4.13
@onereach/si-list,0.7.4
@onereach/si-merge-tag-input,0.4.5
@onereach/si-radio-group,0.3.5
@onereach/si-radio-group,0.3.6
@onereach/si-root,0.9.4
@onereach/si-root,0.9.5
@onereach/si-select,0.1.3
@onereach/si-select,0.1.4
@onereach/si-step-chooser,0.4.4
@onereach/si-step-chooser,0.4.5
@onereach/si-switch,0.4.5
@onereach/si-switch,0.4.6
@onereach/si-text-message,0.4.5
@onereach/si-text-message,0.4.6
@onereach/si-textinput,0.5.5
@onereach/si-textinput,0.5.6
@onereach/si-validated-timestring-input,0.3.5
@onereach/si-validated-timestring-input,0.3.6
@onereach/slack-helpers,1.0.3
@onereach/slack-helpers,1.0.4
@onereach/ssml-editor,2.0.12
@onereach/ssml-editor,2.0.13
@onereach/step-components,0.1.37
@onereach/step-conversation,1.0.41
@onereach/step-conversation,1.0.42
@onereach/step-run-snowflake-query,0.1.1
@onereach/step-run-snowflake-query,0.1.2
@onereach/step-voice,7.0.32
@onereach/step-voice,7.0.33
@onereach/styles,27.0.2
@onereach/time-interpreter,1.0.30
@onereach/time-interpreter,1.0.31
@onereach/ts-memoize,1.0.2
@onereach/ts-memoize,1.0.3
@onereach/types-contacts-api,9.0.8
@onereach/types-contacts-api,9.0.9
@onereach/ui-components,27.0.2
@onereach/ui-components,27.0.3
@onereach/ui-components-common,27.0.2
@onereach/ui-components-common,27.0.3
@onereach/ui-components-vue2,27.0.2
@onereach/ui-components-vue2,27.0.3
@onereach/v-event-calendar,0.1.22
@onereach/v-event-calendar,0.1.23
@onereach/webform,0.3.13
@onereach/webform,0.3.14
@or-sdk/account-settings,1.3.6
@or-sdk/account-settings,1.3.7
@or-sdk/accounts,2.3.5
@or-sdk/adapters,0.3.6
@or-sdk/adapters,0.3.7
@or-sdk/agents,4.21.3
@or-sdk/agents,4.21.4
@or-sdk/api-tokens,1.4.2
@or-sdk/api-tokens,1.4.3
@or-sdk/api-tokens-lambda,1.4.2
@or-sdk/apps,1.2.6
@or-sdk/apps,1.2.7
@or-sdk/auth,0.38.1
@or-sdk/auth,0.38.2
@or-sdk/authorizer,0.26.7
@or-sdk/authorizer,0.26.8
@or-sdk/base,0.44.4
@or-sdk/base,0.44.5
@or-sdk/billing,27.2.1
@or-sdk/billing,27.2.2
@or-sdk/billing-internal,27.2.1
@or-sdk/billing-internal,27.2.2
@or-sdk/bot-templates,2.2.5
@or-sdk/bot-templates,2.2.6
@or-sdk/bots,1.7.1
@or-sdk/bots,1.7.2
@or-sdk/card-templates,2.2.5
@or-sdk/card-templates,2.2.6
@or-sdk/cards,1.2.5
@or-sdk/cards,1.2.6
@or-sdk/ccp,10.15.4
@or-sdk/ccp,10.15.5
@or-sdk/chat,0.3.1
@or-sdk/contacts,4.7.5
@or-sdk/contacts,4.7.6
@or-sdk/content-request,0.2.6
@or-sdk/content-request,0.2.7
@or-sdk/data-hub,0.26.5
@or-sdk/data-hub,0.26.6
@or-sdk/data-hub-svc,2.3.5
@or-sdk/data-hub-svc,2.3.6
@or-sdk/deployer,1.7.5
@or-sdk/deployer,1.7.6
@or-sdk/deployments,2.1.5
@or-sdk/deployments,2.1.6
@or-sdk/discovery,1.12.1
@or-sdk/discovery,1.12.2
@or-sdk/druid,1.4.7
@or-sdk/druid,1.4.8
@or-sdk/event-manager,1.1.5
@or-sdk/event-manager,1.1.6
@or-sdk/files,3.11.6
@or-sdk/files,3.11.7
@or-sdk/files-sync-node,0.1.8
@or-sdk/files-sync-node,0.1.9
@or-sdk/flow-templates,2.1.5
@or-sdk/flow-templates,2.1.6
@or-sdk/flows,2.7.8
@or-sdk/flows,2.7.9
@or-sdk/graph,1.10.5
@or-sdk/graph,1.10.6
@or-sdk/hitl,0.41.1
@or-sdk/hitl,0.41.2
@or-sdk/identifiers,0.27.6
@or-sdk/identifiers,0.27.7
@or-sdk/idw,9.0.4
@or-sdk/idw,9.0.5
@or-sdk/idw-public,1.6.6
@or-sdk/idw-public,1.6.7
@or-sdk/idw-skill,1.4.1
@or-sdk/idw-skill,1.4.2
@or-sdk/invitations,1.4.8
@or-sdk/invitations,1.4.9
@or-sdk/key-value-storage,0.28.6
@or-sdk/key-value-storage,0.28.7
@or-sdk/keys,1.2.6
@or-sdk/keys,1.2.7
@or-sdk/knowledge-models,0.25.5
@or-sdk/knowledge-models,0.25.6
@or-sdk/library,0.5.6
@or-sdk/library,0.5.7
@or-sdk/library-categories,0.2.6
@or-sdk/library-source,0.4.5
@or-sdk/library-source,0.4.6
@or-sdk/library-types-v1,9.0.1
@or-sdk/library-types-v1,9.0.2
@or-sdk/library-types-v2,9.0.1
@or-sdk/library-types-v2,9.0.2
@or-sdk/lookup,1.25.1
@or-sdk/lookup,1.25.2
@or-sdk/markdowner,0.5.1
@or-sdk/markdowner,0.5.2
@or-sdk/mcp-tools,0.5.2
@or-sdk/mcp-tools,0.5.3
@or-sdk/notifications,1.7.5
@or-sdk/notifications,1.7.6
@or-sdk/password,1.3.6
@or-sdk/password,1.3.7
@or-sdk/payments,3.2.5
@or-sdk/payments,3.2.6
@or-sdk/permissions,2.8.1
@or-sdk/permissions-cli,1.4.1
@or-sdk/permissions-cli,1.4.2
@or-sdk/permissions-lambda,2.5.1
@or-sdk/permissions-lambda,2.5.2
@or-sdk/pgsql,1.5.1
@or-sdk/pgsql,1.5.2
@or-sdk/providers,0.3.6
@or-sdk/qna,3.4.2
@or-sdk/qna,3.4.3
@or-sdk/queue-manager,1.4.6
@or-sdk/queue-manager,1.4.7
@or-sdk/sdk-api,0.29.2
@or-sdk/sdk-api,0.29.3
@or-sdk/settings,0.25.6
@or-sdk/settings,0.25.7
@or-sdk/sku-builder,2.5.1
@or-sdk/sku-builder,2.5.2
@or-sdk/source,2.1.5
@or-sdk/source,2.1.6
@or-sdk/source-api,1.1.1
@or-sdk/source-api,1.1.2
@or-sdk/step-templates,2.2.6
@or-sdk/store,2.1.5
@or-sdk/store,2.1.6
@or-sdk/tables,0.28.5
@or-sdk/tables,0.28.6
@or-sdk/tags,1.1.5
@or-sdk/tags,1.1.6
@or-sdk/tickets,1.9.5
@or-sdk/tickets,1.9.6
@or-sdk/transcripts,1.2.5
@or-sdk/transcripts,1.2.6
@or-sdk/users,3.8.1
@or-sdk/users,3.8.2
@or-sdk/view-templates,2.2.5
@or-sdk/view-templates,2.2.6
@or-sdk/views,3.1.5
@or-sdk/views,3.1.6
@or-sdk/web-search,0.6.1
@or-sdk/web-search,0.6.2
@ornikar/apollo-link-timeout,1.4.2
@ornikar/apollo-link-timeout,1.4.3
@ornikar/apollo-link-timeout,1.4.4
@ornikar/apollo-link-timeout,1.4.5
@ornikar/apollo-link-timeout,1.4.6
@ornikar/babel-preset-base,6.0.3
@ornikar/babel-preset-base,6.0.4
@ornikar/babel-preset-base,6.0.5
@ornikar/babel-preset-base,6.0.6
@ornikar/babel-preset-base,6.0.7
@ornikar/babel-preset-base,6.0.8
@ornikar/babel-preset-base,6.0.9
@ornikar/babel-preset-base,6.0.10
@ornikar/babel-preset-kitt-universal,8.0.3
@ornikar/babel-preset-kitt-universal,8.0.4
@ornikar/babel-preset-kitt-universal,8.0.5
@ornikar/babel-preset-kitt-universal,8.0.6
@ornikar/babel-preset-kitt-universal,8.0.7
@ornikar/babel-preset-kitt-universal,8.0.8
@ornikar/babel-preset-react,6.1.4
@ornikar/babel-preset-react,6.1.5
@ornikar/babel-preset-react,6.1.6
@ornikar/babel-preset-react,6.1.7
@ornikar/babel-preset-react,6.1.8
@ornikar/babel-preset-react,6.1.9
@ornikar/babel-preset-react,6.1.10
@ornikar/browserslist-config,8.0.3
@ornikar/browserslist-config,8.0.4
@ornikar/browserslist-config,8.0.5
@ornikar/browserslist-config,8.0.6
@ornikar/browserslist-config,8.0.7
@ornikar/browserslist-config,8.0.8
@ornikar/browserslist-config,8.0.9
@ornikar/commitlint-config,8.3.2
@ornikar/commitlint-config,8.3.3
@ornikar/commitlint-config,8.3.4
@ornikar/commitlint-config,8.3.5
@ornikar/commitlint-config,8.3.6
@ornikar/commitlint-config,8.3.7
@ornikar/commitlint-config,8.3.8
@ornikar/eslint-config,24.0.1
@ornikar/eslint-config,24.0.2
@ornikar/eslint-config,24.0.3
@ornikar/eslint-config,24.0.4
@ornikar/eslint-config,24.0.5
@ornikar/eslint-config,24.0.6
@ornikar/eslint-config,24.0.7
@ornikar/eslint-config,24.0.8
@ornikar/eslint-config-babel,24.0.1
@ornikar/eslint-config-babel,24.0.2
@ornikar/eslint-config-babel,24.0.3
@ornikar/eslint-config-babel,24.0.4
@ornikar/eslint-config-babel,24.0.5
@ornikar/eslint-config-babel,24.0.6
@ornikar/eslint-config-babel,24.0.7
@ornikar/eslint-config-babel,24.0.8
@ornikar/eslint-config-babel-use,13.2.1
@ornikar/eslint-config-babel-use,13.2.2
@ornikar/eslint-config-babel-use,13.2.3
@ornikar/eslint-config-babel-use,13.2.4
@ornikar/eslint-config-babel-use,13.2.5
@ornikar/eslint-config-babel-use,13.2.6
@ornikar/eslint-config-babel-use,13.2.7
@ornikar/eslint-config-babel-use,13.2.8
@ornikar/eslint-config-formatjs,24.0.1
@ornikar/eslint-config-formatjs,24.0.2
@ornikar/eslint-config-formatjs,24.0.3
@ornikar/eslint-config-formatjs,24.0.4
@ornikar/eslint-config-formatjs,24.0.5
@ornikar/eslint-config-formatjs,24.0.6
@ornikar/eslint-config-node,12.2.1
@ornikar/eslint-config-node,12.2.2
@ornikar/eslint-config-node,12.2.3
@ornikar/eslint-config-node,12.2.4
@ornikar/eslint-config-node,12.2.5
@ornikar/eslint-config-node,12.2.6
@ornikar/eslint-config-react,24.0.1
@ornikar/eslint-config-react,24.0.2
@ornikar/eslint-config-react,24.0.3
@ornikar/eslint-config-react,24.0.4
@ornikar/eslint-config-react,24.0.5
@ornikar/eslint-config-react,24.0.6
@ornikar/eslint-config-react,24.0.7
@ornikar/eslint-config-typescript,24.0.1
@ornikar/eslint-config-typescript,24.0.2
@ornikar/eslint-config-typescript,24.0.3
@ornikar/eslint-config-typescript,24.0.4
@ornikar/eslint-config-typescript,24.0.5
@ornikar/eslint-config-typescript,24.0.6
@ornikar/eslint-config-typescript-nestjs,24.0.1
@ornikar/eslint-config-typescript-nestjs,24.0.2
@ornikar/eslint-config-typescript-nestjs,24.0.3
@ornikar/eslint-config-typescript-nestjs,24.0.4
@ornikar/eslint-config-typescript-nestjs,24.0.5
@ornikar/eslint-config-typescript-nestjs,24.0.6
@ornikar/eslint-config-typescript-nestjs,24.0.7
@ornikar/eslint-config-typescript-react,24.0.1
@ornikar/eslint-config-typescript-react,24.0.2
@ornikar/eslint-config-typescript-react,24.0.3
@ornikar/eslint-config-typescript-react,24.0.4
@ornikar/eslint-config-typescript-react,24.0.5
@ornikar/eslint-config-typescript-react,24.0.6
@ornikar/eslint-config-typescript-react,24.0.7
@ornikar/eslint-plugin-neverthrow,1.3.1
@ornikar/eslint-plugin-neverthrow,1.3.2
@ornikar/eslint-plugin-neverthrow,1.3.3
@ornikar/eslint-plugin-neverthrow,1.3.4
@ornikar/eslint-plugin-neverthrow,1.3.5
@ornikar/eslint-plugin-neverthrow,1.3.6
@ornikar/eslint-plugin-neverthrow,1.3.7
@ornikar/eslint-plugin-neverthrow,1.3.8
@ornikar/eslint-plugin-ornikar,24.0.1
@ornikar/eslint-plugin-ornikar,24.0.2
@ornikar/eslint-plugin-ornikar,24.0.3
@ornikar/eslint-plugin-ornikar,24.0.4
@ornikar/eslint-plugin-ornikar,24.0.5
@ornikar/eslint-plugin-ornikar,24.0.6
@ornikar/eslint-plugin-ornikar,24.0.7
@ornikar/graphql-config,1.1.1
@ornikar/graphql-config,1.1.2
@ornikar/graphql-config,1.1.3
@ornikar/graphql-config,1.1.4
@ornikar/graphql-config,1.1.5
@ornikar/graphql-config,1.1.6
@ornikar/graphql-config,1.1.7
@ornikar/intl-config,10.0.2
@ornikar/intl-config,10.0.3
@ornikar/intl-config,10.0.4
@ornikar/intl-config,10.0.5
@ornikar/intl-config,10.0.6
@ornikar/intl-config,10.0.7
@ornikar/intl-config,10.0.8
@ornikar/jest-config,13.0.3
@ornikar/jest-config,13.0.4
@ornikar/jest-config,13.0.5
@ornikar/jest-config,13.0.6
@ornikar/jest-config,13.0.7
@ornikar/jest-config,13.0.8
@ornikar/jest-config,13.0.9
@ornikar/jest-config-react,18.0.2
@ornikar/jest-config-react,18.0.3
@ornikar/jest-config-react,18.0.4
@ornikar/jest-config-react,18.0.5
@ornikar/jest-config-react,18.0.6
@ornikar/jest-config-react,18.0.7
@ornikar/jest-config-react,18.0.8
@ornikar/jest-config-react-native,17.0.2
@ornikar/jest-config-react-native,17.0.3
@ornikar/jest-config-react-native,17.0.4
@ornikar/jest-config-react-native,17.0.5
@ornikar/jest-config-react-native,17.0.6
@ornikar/jest-config-react-native,17.0.7
@ornikar/jest-config-react-native,17.0.8
@ornikar/jest-config-react-native-web,12.0.3
@ornikar/jest-config-react-native-web,12.0.4
@ornikar/jest-config-react-native-web,12.0.5
@ornikar/jest-config-react-native-web,12.0.6
@ornikar/jest-config-react-native-web,12.0.7
@ornikar/jest-config-react-native-web,12.0.8
@ornikar/jest-config-react-native-web,12.0.9
@ornikar/kitt2,1.0.1
@ornikar/kitt2,1.0.2
@ornikar/kitt2,1.0.3
@ornikar/kitt2,1.0.4
@ornikar/kitt2,1.0.5
@ornikar/kitt2,1.0.6
@ornikar/kitt2,1.0.7
@ornikar/lerna-config,11.0.1
@ornikar/lerna-config,11.0.2
@ornikar/lerna-config,11.0.3
@ornikar/lerna-config,11.0.4
@ornikar/lerna-config,11.0.5
@ornikar/lerna-config,11.0.6
@ornikar/monorepo-config,14.3.2
@ornikar/monorepo-config,14.3.3
@ornikar/monorepo-config,14.3.4
@ornikar/monorepo-config,14.3.5
@ornikar/monorepo-config,14.3.6
@ornikar/monorepo-config,14.3.7
@ornikar/monorepo-config,14.3.8
@ornikar/monorepo-config,14.3.9
@ornikar/postcss-config,9.1.2
@ornikar/postcss-config,9.1.3
@ornikar/postcss-config,9.1.4
@ornikar/postcss-config,9.1.5
@ornikar/postcss-config,9.1.6
@ornikar/postcss-config,9.1.7
@ornikar/postcss-config,9.1.8
@ornikar/prettier-config,9.0.3
@ornikar/prettier-config,9.0.4
@ornikar/prettier-config,9.0.5
@ornikar/prettier-config,9.0.6
@ornikar/prettier-config,9.0.7
@ornikar/prettier-config,9.0.8
@ornikar/prettier-config,9.0.9
@ornikar/prismic-components,0.0.2
@ornikar/prismic-components,0.0.3
@ornikar/prismic-components,0.0.4
@ornikar/prismic-components,0.0.5
@ornikar/prismic-components,0.0.6
@ornikar/prismic-components,0.0.7
@ornikar/prismic-components,0.0.8
@ornikar/react-modern-calendar-datepicker,3.2.1
@ornikar/react-modern-calendar-datepicker,3.2.2
@ornikar/react-modern-calendar-datepicker,3.2.3
@ornikar/react-modern-calendar-datepicker,3.2.4
@ornikar/react-modern-calendar-datepicker,3.2.5
@ornikar/react-modern-calendar-datepicker,3.2.6
@ornikar/react-modern-calendar-datepicker,3.2.7
@ornikar/react-native-svg-transformer,1.0.6
@ornikar/react-native-svg-transformer,1.0.7
@ornikar/react-native-svg-transformer,1.0.8
@ornikar/react-native-svg-transformer,1.0.9
@ornikar/react-native-svg-transformer,1.0.10
@ornikar/react-native-svg-transformer,1.0.11
@ornikar/renovate-config,9.0.2
@ornikar/renovate-config,9.0.3
@ornikar/renovate-config,9.0.4
@ornikar/renovate-config,9.0.5
@ornikar/renovate-config,9.0.6
@ornikar/renovate-config,9.0.7
@ornikar/renovate-config,9.0.8
@ornikar/renovate-config,9.0.9
@ornikar/repo-config,15.3.3
@ornikar/repo-config,15.3.4
@ornikar/repo-config,15.3.5
@ornikar/repo-config,15.3.6
@ornikar/repo-config,15.3.7
@ornikar/repo-config,15.3.8
@ornikar/repo-config,15.3.9
@ornikar/repo-config-react,13.0.8
@ornikar/repo-config-react,13.0.9
@ornikar/repo-config-react,13.0.10
@ornikar/repo-config-react,13.0.11
@ornikar/repo-config-react,13.0.12
@ornikar/repo-config-react,13.0.13
@ornikar/repo-config-react,13.0.14
@ornikar/repo-config-react,13.0.15
@ornikar/repo-config-react-legacy-css,15.1.2
@ornikar/repo-config-react-legacy-css,15.1.3
@ornikar/repo-config-react-legacy-css,15.1.4
@ornikar/repo-config-react-legacy-css,15.1.5
@ornikar/repo-config-react-legacy-css,15.1.6
@ornikar/repo-config-react-legacy-css,15.1.7
@ornikar/repo-config-react-legacy-css,15.1.8
@ornikar/repo-config-react-legacy-css,15.1.9
@ornikar/rollup-config,11.1.2
@ornikar/rollup-config,11.1.3
@ornikar/rollup-config,11.1.4
@ornikar/rollup-config,11.1.5
@ornikar/rollup-config,11.1.6
@ornikar/rollup-config,11.1.7
@ornikar/rollup-config,11.1.8
@ornikar/rollup-config,11.1.9
@ornikar/rollup-plugin-postcss,2.0.5
@ornikar/rollup-plugin-postcss,2.0.6
@ornikar/rollup-plugin-postcss,2.0.7
@ornikar/rollup-plugin-postcss,2.0.8
@ornikar/rollup-plugin-postcss,2.0.9
@ornikar/rollup-plugin-postcss,2.0.10
@ornikar/rollup-plugin-postcss,2.0.11
@ornikar/slate-react-fork,1.0.1
@ornikar/slate-react-fork,1.0.2
@ornikar/slate-react-fork,1.0.3
@ornikar/slate-react-fork,1.0.4
@ornikar/slate-react-fork,1.0.5
@ornikar/slate-react-fork,1.0.6
@ornikar/slate-react-fork,1.0.7
@ornikar/storybook-config,12.1.2
@ornikar/storybook-config,12.1.3
@ornikar/storybook-config,12.1.4
@ornikar/storybook-config,12.1.5
@ornikar/storybook-config,12.1.6
@ornikar/storybook-config,12.1.7
@ornikar/stylelint-config,14.0.3
@ornikar/stylelint-config,14.0.5
@ornikar/stylelint-config,14.0.6
@ornikar/stylelint-config,14.0.7
@ornikar/stylelint-config,14.0.8
@ornikar/stylelint-config,14.0.9
@ornikar/typed-css-modules-loader,0.8.2
@ornikar/typed-css-modules-loader,0.8.3
@ornikar/typed-css-modules-loader,0.8.4
@ornikar/typed-css-modules-loader,0.8.5
@ornikar/typed-css-modules-loader,0.8.6
@ornikar/typed-css-modules-loader,0.8.7
@ornikar/typed-css-modules-loader,0.8.8
@ornikar/webpack-config,12.0.2
@ornikar/webpack-config,12.0.3
@ornikar/webpack-config,12.0.4
@ornikar/webpack-config,12.0.5
@ornikar/webpack-config,12.0.6
@ornikar/webpack-config,12.0.7
@ornikar/webpack-config,12.0.8
picasso-plugin-hammer,2.11.6
picasso-plugin-q,2.11.6
picasso.js,2.11.6
@picsart/ai-sdk,3.32.2
@picsart/gen-ai,2.55.11
pob-test-package-in-monorepo,5.2.1
pob-test-package-in-monorepo,5.2.2
pob-test-package-in-monorepo,5.2.3
pob-test-package-in-monorepo,5.2.4
pob-test-package-in-monorepo,5.2.5
pob-test-package-in-monorepo,5.2.6
pob-test-package-in-monorepo,5.2.7
pob-test-package-in-monorepo,5.2.8
pob-test-package-in-monorepo,5.2.9
pob-test-typescript-package-in-monorepo,4.2.1
pob-test-typescript-package-in-monorepo,4.2.2
pob-test-typescript-package-in-monorepo,4.2.3
pob-test-typescript-package-in-monorepo,4.2.4
pob-test-typescript-package-in-monorepo,4.2.5
pob-test-typescript-package-in-monorepo,4.2.6
pob-test-typescript-package-in-monorepo,4.2.7
pob-test-typescript-package-in-monorepo,4.2.8
pob-test-typescript-package-in-monorepo,4.2.9
pob-test-typescript-package-in-monorepo,4.2.10
qlik-chart-modules,1.1.1
qlik-modifiers,0.10.1
qlik-object-conversion,0.17.2
@qlik/api,2.14.2
@qlik/browserslist-config,3.0.2
@qlik/carbon-core,2.1.1
@qlik/carboncopy,1.1.6
@qlik/design-tokens,1.3.13
@qlik/dts-bundler,2.0.3
@qlik/embed-react,2.5.3
@qlik/embed-runtime,1.6.4
@qlik/embed-svelte,1.1.4
@qlik/embed-web-components,1.7.3
@qlik/eslint-config,2.0.20
@qlik/eslint-config-base,0.1.1
@qlik/eslint-config-react,0.1.1
@qlik/eslint-config-svelte,0.1.1
@qlik/eslint-config-vue,0.1.1
@qlik/nebula-table-utils,2.6.9
@qlik/oxfmt-config,0.1.6
@qlik/oxlint-config,0.7.2
@qlik/prettier-config,1.0.3
@qlik/react-native-simple-grid,1.5.5
@qlik/runtime-module-loader,1.5.1
@qlik/sdk,0.28.1
@qlik/sprout-design-docs,1.0.2
@qlik/sprout-gesture,0.0.13
@qlik/sprout-icons,0.12.3
@qlik/sprout-react,6.45.3
@qlik/sprout-react-table,0.16.7
@qlik/tsconfig,1.0.3
rwc-client,0.29.10
rwc-client,0.29.11
rwc-client,0.29.12
rwc-client,0.29.13
rwc-client,0.29.14
rwc-client,0.29.15
rwc-client,0.29.16
rwc-client,0.29.17
server-hemera-mongo,0.0.12
@servicetitan/acquisition-functions,5.22.1
@servicetitan/acquisition-functions,5.22.2
@servicetitan/acquisition-functions,5.22.3
@servicetitan/acquisition-functions,5.22.4
@servicetitan/acquisition-functions,5.22.5
@servicetitan/admin-layout,2.4.3
@servicetitan/admin-layout,2.4.4
@servicetitan/admin-layout,2.4.5
@servicetitan/admin-layout,2.4.6
@servicetitan/admin-layout,2.4.7
@servicetitan/admin-sql-table,1.0.14
@servicetitan/admin-sql-table,1.0.15
@servicetitan/admin-sql-table,1.0.16
@servicetitan/admin-sql-table,1.0.17
@servicetitan/admin-sql-table,1.0.18
@servicetitan/ajax-handlers,38.1.1
@servicetitan/ajax-handlers,38.1.2
@servicetitan/ajax-handlers,38.1.3
@servicetitan/ajax-handlers,38.1.4
@servicetitan/ajax-handlers,38.1.5
@servicetitan/anvil-css-utilities,14.5.4
@servicetitan/anvil-css-utilities,14.5.5
@servicetitan/anvil-css-utilities,14.5.6
@servicetitan/anvil-css-utilities,14.5.7
@servicetitan/anvil-css-utilities,14.5.8
@servicetitan/anvil-fonts,14.5.4
@servicetitan/anvil-fonts,14.5.5
@servicetitan/anvil-fonts,14.5.6
@servicetitan/anvil-fonts,14.5.7
@servicetitan/anvil-fonts,14.5.8
@servicetitan/anvil-icon,0.5.1
@servicetitan/anvil-icon,0.5.2
@servicetitan/anvil-icon,0.5.3
@servicetitan/anvil-icon,0.5.4
@servicetitan/anvil-icon,0.5.5
@servicetitan/anvil-icons,14.5.4
@servicetitan/anvil-icons,14.5.5
@servicetitan/anvil-icons,14.5.6
@servicetitan/anvil-icons,14.5.7
@servicetitan/anvil-icons,14.5.8
@servicetitan/anvil-react,0.11.3
@servicetitan/anvil-react,0.11.4
@servicetitan/anvil-react,0.11.5
@servicetitan/anvil-react,0.11.6
@servicetitan/anvil-react,0.11.7
@servicetitan/anvil-themes,14.5.4
@servicetitan/anvil-themes,14.5.5
@servicetitan/anvil-themes,14.5.6
@servicetitan/anvil-themes,14.5.7
@servicetitan/anvil-themes,14.5.8
@servicetitan/anvil-token,0.4.1
@servicetitan/anvil-token,0.4.2
@servicetitan/anvil-token,0.4.3
@servicetitan/anvil-token,0.4.4
@servicetitan/anvil-token,0.4.5
@servicetitan/anvil2,3.9.1
@servicetitan/anvil2,3.9.2
@servicetitan/anvil2,3.9.3
@servicetitan/anvil2,3.9.4
@servicetitan/anvil2,3.9.5
@servicetitan/anvil2-codemods,0.11.2
@servicetitan/anvil2-codemods,0.11.3
@servicetitan/anvil2-codemods,0.11.4
@servicetitan/anvil2-codemods,0.11.5
@servicetitan/anvil2-codemods,0.11.6
@servicetitan/anvil2-ext-atlas,4.0.2
@servicetitan/anvil2-ext-atlas,4.0.3
@servicetitan/anvil2-ext-atlas,4.0.4
@servicetitan/anvil2-ext-atlas,4.0.5
@servicetitan/anvil2-ext-atlas,4.0.6
@servicetitan/anvil2-ext-charts,0.2.4
@servicetitan/anvil2-ext-charts,0.2.5
@servicetitan/anvil2-ext-charts,0.2.6
@servicetitan/anvil2-ext-charts,0.2.7
@servicetitan/anvil2-ext-charts,0.2.8
@servicetitan/anvil2-ext-common,0.7.1
@servicetitan/anvil2-ext-common,0.7.2
@servicetitan/anvil2-ext-common,0.7.3
@servicetitan/anvil2-ext-common,0.7.4
@servicetitan/anvil2-ext-common,0.7.5
@servicetitan/anvil2-ext-mwv,0.0.5
@servicetitan/anvil2-ext-mwv,0.0.6
@servicetitan/anvil2-ext-mwv,0.0.7
@servicetitan/anvil2-ext-mwv,0.0.8
@servicetitan/anvil2-ext-mwv,0.0.9
@servicetitan/anvil2-illustrations,1.0.2
@servicetitan/anvil2-illustrations,1.0.3
@servicetitan/anvil2-illustrations,1.0.4
@servicetitan/anvil2-illustrations,1.0.5
@servicetitan/anvil2-illustrations,1.0.6
@servicetitan/anvil2-mcp,0.0.9
@servicetitan/anvil2-mcp,0.0.10
@servicetitan/anvil2-mcp,0.0.11
@servicetitan/anvil2-mcp,0.0.12
@servicetitan/anvil2-mcp,0.0.13
@servicetitan/assist-ui,2.1.1
@servicetitan/assist-ui,2.1.2
@servicetitan/assist-ui,2.1.3
@servicetitan/assist-ui,2.1.4
@servicetitan/assist-ui,2.1.5
@servicetitan/assist-utils,1.1.2
@servicetitan/assist-utils,1.1.3
@servicetitan/assist-utils,1.1.4
@servicetitan/assist-utils,1.1.5
@servicetitan/assist-utils,1.1.6
@servicetitan/carto-charts-core,0.0.2
@servicetitan/carto-charts-core,0.0.3
@servicetitan/carto-charts-core,0.0.4
@servicetitan/carto-charts-core,0.0.5
@servicetitan/carto-charts-core,0.0.6
@servicetitan/carto-charts-react,0.0.2
@servicetitan/carto-charts-react,0.0.3
@servicetitan/carto-charts-react,0.0.4
@servicetitan/carto-charts-react,0.0.5
@servicetitan/carto-charts-react,0.0.6
@servicetitan/carto-charts-rn,0.0.2
@servicetitan/carto-charts-rn,0.0.3
@servicetitan/carto-charts-rn,0.0.4
@servicetitan/carto-charts-rn,0.0.5
@servicetitan/carto-charts-rn,0.0.6
@servicetitan/carto-react-kit,0.8.4
@servicetitan/carto-react-kit,0.8.5
@servicetitan/carto-react-kit,0.8.6
@servicetitan/carto-react-kit,0.8.7
@servicetitan/carto-react-kit,0.8.8
@servicetitan/carto-rn-kit,0.0.10
@servicetitan/carto-rn-kit,0.0.11
@servicetitan/carto-rn-kit,0.0.12
@servicetitan/carto-rn-kit,0.0.13
@servicetitan/carto-rn-kit,0.0.14
@servicetitan/carto-tokens,0.3.1
@servicetitan/carto-tokens,0.3.2
@servicetitan/carto-tokens,0.3.3
@servicetitan/carto-tokens,0.3.4
@servicetitan/carto-tokens,0.3.5
@servicetitan/component-usage,28.5.1
@servicetitan/component-usage,28.5.2
@servicetitan/component-usage,28.5.3
@servicetitan/component-usage,28.5.4
@servicetitan/component-usage,28.5.5
@servicetitan/confirm,41.3.1
@servicetitan/confirm,41.3.2
@servicetitan/confirm,41.3.3
@servicetitan/confirm,41.3.4
@servicetitan/confirm,41.3.5
@servicetitan/confirm-navigation,41.3.1
@servicetitan/confirm-navigation,41.3.2
@servicetitan/confirm-navigation,41.3.3
@servicetitan/confirm-navigation,41.3.4
@servicetitan/confirm-navigation,41.3.5
@servicetitan/culture,41.3.1
@servicetitan/culture,41.3.2
@servicetitan/culture,41.3.3
@servicetitan/culture,41.3.4
@servicetitan/culture,41.3.5
@servicetitan/data-query,41.3.1
@servicetitan/data-query,41.3.2
@servicetitan/data-query,41.3.3
@servicetitan/data-query,41.3.4
@servicetitan/data-query,41.3.5
@servicetitan/datadog-rum,38.1.1
@servicetitan/datadog-rum,38.1.2
@servicetitan/datadog-rum,38.1.3
@servicetitan/datadog-rum,38.1.4
@servicetitan/datadog-rum,38.1.5
@servicetitan/datetime-utils,41.3.1
@servicetitan/datetime-utils,41.3.2
@servicetitan/datetime-utils,41.3.3
@servicetitan/datetime-utils,41.3.4
@servicetitan/datetime-utils,41.3.5
@servicetitan/design-system,14.5.4
@servicetitan/design-system,14.5.5
@servicetitan/design-system,14.5.6
@servicetitan/design-system,14.5.7
@servicetitan/design-system,14.5.8
@servicetitan/docs-anvil-uikit-contrib,41.3.1
@servicetitan/docs-anvil-uikit-contrib,41.3.2
@servicetitan/docs-anvil-uikit-contrib,41.3.3
@servicetitan/docs-anvil-uikit-contrib,41.3.4
@servicetitan/docs-anvil-uikit-contrib,41.3.5
@servicetitan/docs-uikit,38.1.1
@servicetitan/docs-uikit,38.1.2
@servicetitan/docs-uikit,38.1.3
@servicetitan/docs-uikit,38.1.4
@servicetitan/docs-uikit,38.1.5
@servicetitan/document-title,2.4.1
@servicetitan/document-title,2.4.2
@servicetitan/document-title,2.4.3
@servicetitan/document-title,2.4.4
@servicetitan/document-title,2.4.5
@servicetitan/dte-pdf-editor,1.76.1
@servicetitan/dte-pdf-editor,1.76.2
@servicetitan/dte-pdf-editor,1.76.3
@servicetitan/dte-pdf-editor,1.76.4
@servicetitan/dte-pdf-editor,1.76.5
@servicetitan/dte-unlayer,0.150.1
@servicetitan/dte-unlayer,0.150.2
@servicetitan/dte-unlayer,0.150.3
@servicetitan/dte-unlayer,0.150.4
@servicetitan/dte-unlayer,0.150.5
@servicetitan/eh-module-communication,0.2.1
@servicetitan/eh-module-communication,0.2.2
@servicetitan/eh-module-communication,0.2.3
@servicetitan/eh-module-communication,0.2.4
@servicetitan/eh-module-communication,0.2.5
@servicetitan/error-boundary,38.1.1
@servicetitan/error-boundary,38.1.2
@servicetitan/error-boundary,38.1.3
@servicetitan/error-boundary,38.1.4
@servicetitan/error-boundary,38.1.5
@servicetitan/eslint-config,38.1.1
@servicetitan/eslint-config,38.1.2
@servicetitan/eslint-config,38.1.3
@servicetitan/eslint-config,38.1.4
@servicetitan/eslint-config,38.1.5
@servicetitan/eslint-plugin,38.1.1
@servicetitan/eslint-plugin,38.1.2
@servicetitan/eslint-plugin,38.1.3
@servicetitan/eslint-plugin,38.1.4
@servicetitan/eslint-plugin,38.1.5
@servicetitan/eslint-plugin-decorators-declare,12.8.15
@servicetitan/eslint-plugin-decorators-declare,12.8.16
@servicetitan/eslint-plugin-decorators-declare,12.8.17
@servicetitan/eslint-plugin-decorators-declare,12.8.18
@servicetitan/eslint-plugin-decorators-declare,12.8.19
@servicetitan/eslint-plugin-folder-schema,38.1.1
@servicetitan/eslint-plugin-folder-schema,38.1.2
@servicetitan/eslint-plugin-folder-schema,38.1.3
@servicetitan/eslint-plugin-folder-schema,38.1.4
@servicetitan/eslint-plugin-folder-schema,38.1.5
@servicetitan/eslint-plugin-mobx-6,12.8.15
@servicetitan/eslint-plugin-mobx-6,12.8.16
@servicetitan/eslint-plugin-mobx-6,12.8.17
@servicetitan/eslint-plugin-mobx-6,12.8.18
@servicetitan/eslint-plugin-processors-stub,12.8.15
@servicetitan/eslint-plugin-processors-stub,12.8.16
@servicetitan/eslint-plugin-processors-stub,12.8.17
@servicetitan/eslint-plugin-processors-stub,12.8.18
@servicetitan/eslint-plugin-processors-stub,12.8.19
@servicetitan/examples,1.2.5
@servicetitan/examples,1.2.6
@servicetitan/examples,1.2.7
@servicetitan/examples,1.2.8
@servicetitan/examples,1.2.9
@servicetitan/feature-spotlight,3.9.1
@servicetitan/feature-spotlight,3.9.2
@servicetitan/feature-spotlight,3.9.3
@servicetitan/feature-spotlight,3.9.4
@servicetitan/feature-spotlight,3.9.5
@servicetitan/folder-lint,38.1.1
@servicetitan/folder-lint,38.1.2
@servicetitan/folder-lint,38.1.3
@servicetitan/folder-lint,38.1.4
@servicetitan/folder-lint,38.1.5
@servicetitan/forge,0.5.1
@servicetitan/forge,0.5.2
@servicetitan/forge,0.5.3
@servicetitan/forge,0.5.4
@servicetitan/forge,0.5.5
@servicetitan/form,41.3.1
@servicetitan/form,41.3.2
@servicetitan/form,41.3.3
@servicetitan/form,41.3.4
@servicetitan/form,41.3.5
@servicetitan/form-state,41.3.1
@servicetitan/form-state,41.3.2
@servicetitan/form-state,41.3.3
@servicetitan/form-state,41.3.4
@servicetitan/form-state,41.3.5
@servicetitan/grid,0.0.63
@servicetitan/grid,0.0.64
@servicetitan/grid,0.0.65
@servicetitan/grid,0.0.66
@servicetitan/grid,0.0.67
@servicetitan/hammer-icon,1.2.1
@servicetitan/hammer-icon,1.2.2
@servicetitan/hammer-icon,1.2.3
@servicetitan/hammer-icon,1.2.4
@servicetitan/hammer-icon,1.2.5
@servicetitan/hammer-react,1.42.2
@servicetitan/hammer-react,1.42.3
@servicetitan/hammer-react,1.42.4
@servicetitan/hammer-react,1.42.5
@servicetitan/hammer-react,1.42.6
@servicetitan/hammer-token,3.1.1
@servicetitan/hammer-token,3.1.2
@servicetitan/hammer-token,3.1.3
@servicetitan/hammer-token,3.1.4
@servicetitan/hammer-token,3.1.5
@servicetitan/hash-browser-router,38.1.1
@servicetitan/hash-browser-router,38.1.2
@servicetitan/hash-browser-router,38.1.3
@servicetitan/hash-browser-router,38.1.4
@servicetitan/hash-browser-router,38.1.5
@servicetitan/help-center,1.0.8
@servicetitan/help-center,1.0.9
@servicetitan/help-center,1.0.10
@servicetitan/help-center,1.0.11
@servicetitan/help-center,1.0.12
@servicetitan/html-sketchapp,4.2.8
@servicetitan/html-sketchapp,4.2.9
@servicetitan/html-sketchapp,4.2.10
@servicetitan/html-sketchapp,4.2.11
@servicetitan/html-sketchapp,4.2.12
@servicetitan/install,38.1.1
@servicetitan/install,38.1.2
@servicetitan/install,38.1.3
@servicetitan/install,38.1.4
@servicetitan/install,38.1.5
@servicetitan/intl,7.2.1
@servicetitan/intl,7.2.2
@servicetitan/intl,7.2.3
@servicetitan/intl,7.2.4
@servicetitan/intl,7.2.5
@servicetitan/json-render-react,0.4.6
@servicetitan/json-render-react,0.4.7
@servicetitan/json-render-react,0.4.8
@servicetitan/json-render-react,0.4.9
@servicetitan/json-render-react,0.4.10
@servicetitan/kendo-theme,0.0.27
@servicetitan/kendo-theme,0.0.28
@servicetitan/kendo-theme,0.0.29
@servicetitan/kendo-theme,0.0.30
@servicetitan/kendo-theme,0.0.31
@servicetitan/ko-bridge,38.1.1
@servicetitan/ko-bridge,38.1.2
@servicetitan/ko-bridge,38.1.3
@servicetitan/ko-bridge,38.1.4
@servicetitan/ko-bridge,38.1.5
@servicetitan/launchdarkly-service,38.1.1
@servicetitan/launchdarkly-service,38.1.2
@servicetitan/launchdarkly-service,38.1.3
@servicetitan/launchdarkly-service,38.1.4
@servicetitan/launchdarkly-service,38.1.5
@servicetitan/lazy-module,38.1.1
@servicetitan/lazy-module,38.1.2
@servicetitan/lazy-module,38.1.3
@servicetitan/lazy-module,38.1.4
@servicetitan/lazy-module,38.1.5
@servicetitan/ld-type-generator,0.2.1
@servicetitan/ld-type-generator,0.2.2
@servicetitan/ld-type-generator,0.2.3
@servicetitan/ld-type-generator,0.2.4
@servicetitan/ld-type-generator,0.2.5
@servicetitan/line-item-editor,1.5.1
@servicetitan/line-item-editor,1.5.2
@servicetitan/line-item-editor,1.5.3
@servicetitan/line-item-editor,1.5.4
@servicetitan/line-item-editor,1.5.5
@servicetitan/link-item,41.3.1
@servicetitan/link-item,41.3.2
@servicetitan/link-item,41.3.3
@servicetitan/link-item,41.3.4
@servicetitan/link-item,41.3.5
@servicetitan/log-service,38.1.1
@servicetitan/log-service,38.1.2
@servicetitan/log-service,38.1.3
@servicetitan/log-service,38.1.4
@servicetitan/log-service,38.1.5
@servicetitan/marketing-direct-mail-components,20.1.1
@servicetitan/marketing-direct-mail-components,20.1.2
@servicetitan/marketing-direct-mail-components,20.1.3
@servicetitan/marketing-direct-mail-components,20.1.4
@servicetitan/marketing-direct-mail-components,20.1.5
@servicetitan/marketing-email-components,20.2.3
@servicetitan/marketing-email-components,20.2.4
@servicetitan/marketing-email-components,20.2.5
@servicetitan/marketing-email-components,20.2.6
@servicetitan/marketing-email-components,20.2.7
@servicetitan/marketing-form,0.1.2
@servicetitan/marketing-form,0.1.3
@servicetitan/marketing-form,0.1.4
@servicetitan/marketing-form,0.1.5
@servicetitan/marketing-form,0.1.6
@servicetitan/marketing-global-route,1.14.1
@servicetitan/marketing-global-route,1.14.2
@servicetitan/marketing-global-route,1.14.3
@servicetitan/marketing-global-route,1.14.4
@servicetitan/marketing-global-route,1.14.5
@servicetitan/marketing-integration-widgets,1.0.40
@servicetitan/marketing-integration-widgets,1.0.41
@servicetitan/marketing-integration-widgets,1.0.42
@servicetitan/marketing-integration-widgets,1.0.43
@servicetitan/marketing-integration-widgets,1.0.44
@servicetitan/marketing-route,1.2.1
@servicetitan/marketing-route,1.2.2
@servicetitan/marketing-route,1.2.3
@servicetitan/marketing-route,1.2.4
@servicetitan/marketing-route,1.2.5
@servicetitan/marketing-ui,9.3.1
@servicetitan/marketing-ui,9.3.2
@servicetitan/marketing-ui,9.3.3
@servicetitan/marketing-ui,9.3.4
@servicetitan/marketing-ui,9.3.5
@servicetitan/marketing-widgets,1.0.1
@servicetitan/marketing-widgets,1.0.2
@servicetitan/marketing-widgets,1.0.3
@servicetitan/marketing-widgets,1.0.4
@servicetitan/marketing-widgets,1.0.5
@servicetitan/measure-sheet-data,2.6.1
@servicetitan/measure-sheet-data,2.6.2
@servicetitan/measure-sheet-data,2.6.3
@servicetitan/measure-sheet-data,2.6.4
@servicetitan/measure-sheet-data,2.6.5
@servicetitan/mfe-quick-actions,0.5.49
@servicetitan/mfe-quick-actions,0.5.50
@servicetitan/mfe-quick-actions,0.5.51
@servicetitan/mfe-quick-actions,0.5.52
@servicetitan/mfe-quick-actions,0.5.53
@servicetitan/micro-frontend,0.0.4
@servicetitan/micro-frontend,0.0.5
@servicetitan/micro-frontend,0.0.6
@servicetitan/micro-frontend,0.0.7
@servicetitan/micro-frontend,0.0.8
@servicetitan/microfront,0.0.2
@servicetitan/microfront,0.0.3
@servicetitan/microfront,0.0.4
@servicetitan/microfront,0.0.5
@servicetitan/microfront,0.0.6
@servicetitan/microfront-auth,0.0.5
@servicetitan/microfront-auth,0.0.6
@servicetitan/microfront-auth,0.0.7
@servicetitan/microfront-auth,0.0.8
@servicetitan/microfront-auth,0.0.9
@servicetitan/microfront-tests,0.0.11
@servicetitan/microfront-tests,0.0.12
@servicetitan/microfront-tests,0.0.13
@servicetitan/microfront-tests,0.0.14
@servicetitan/microfront-tests,0.0.15
@servicetitan/microfront-utils,1.4.1
@servicetitan/microfront-utils,1.4.2
@servicetitan/microfront-utils,1.4.3
@servicetitan/microfront-utils,1.4.4
@servicetitan/microfront-utils,1.4.5
@servicetitan/modularpayments-webfields,1.0.53
@servicetitan/modularpayments-webfields,1.0.54
@servicetitan/modularpayments-webfields,1.0.55
@servicetitan/modularpayments-webfields,1.0.56
@servicetitan/modularpayments-webfields,1.0.57
@servicetitan/moneyout-api-client,1.29.1
@servicetitan/moneyout-api-client,1.29.2
@servicetitan/moneyout-api-client,1.29.3
@servicetitan/moneyout-api-client,1.29.4
@servicetitan/moneyout-api-client,1.29.5
@servicetitan/mpa-components,2.5.1
@servicetitan/mpa-components,2.5.2
@servicetitan/mpa-components,2.5.3
@servicetitan/mpa-components,2.5.4
@servicetitan/mpa-components,2.5.5
@servicetitan/navigation,14.1.1
@servicetitan/navigation,14.1.2
@servicetitan/navigation,14.1.3
@servicetitan/navigation,14.1.4
@servicetitan/navigation,14.1.5
@servicetitan/notifications,41.3.1
@servicetitan/notifications,41.3.2
@servicetitan/notifications,41.3.3
@servicetitan/notifications,41.3.4
@servicetitan/notifications,41.3.5
@servicetitan/onboarding-ui,18.5.1
@servicetitan/onboarding-ui,18.5.2
@servicetitan/onboarding-ui,18.5.3
@servicetitan/onboarding-ui,18.5.4
@servicetitan/onboarding-ui,18.5.5
@servicetitan/quick-actions,1.15.2
@servicetitan/quick-actions,1.15.3
@servicetitan/quick-actions,1.15.4
@servicetitan/quick-actions,1.15.5
@servicetitan/quick-actions,1.15.6
@servicetitan/react-hooks,7.7.1
@servicetitan/react-hooks,7.7.2
@servicetitan/react-hooks,7.7.3
@servicetitan/react-hooks,7.7.4
@servicetitan/react-hooks,7.7.5
@servicetitan/react-ioc,38.1.1
@servicetitan/react-ioc,38.1.2
@servicetitan/react-ioc,38.1.3
@servicetitan/react-ioc,38.1.4
@servicetitan/react-ioc,38.1.5
@servicetitan/responsive,6.1.1
@servicetitan/responsive,6.1.2
@servicetitan/responsive,6.1.3
@servicetitan/responsive,6.1.4
@servicetitan/responsive,6.1.5
@servicetitan/restrict-imports,38.1.1
@servicetitan/restrict-imports,38.1.2
@servicetitan/restrict-imports,38.1.3
@servicetitan/restrict-imports,38.1.4
@servicetitan/restrict-imports,38.1.5
@servicetitan/schema-comparison,0.1.3
@servicetitan/schema-comparison,0.1.4
@servicetitan/schema-comparison,0.1.5
@servicetitan/schema-comparison,0.1.6
@servicetitan/schema-comparison,0.1.7
@servicetitan/skeleton,9.2.4
@servicetitan/skeleton,9.2.5
@servicetitan/skeleton,9.2.6
@servicetitan/skeleton,9.2.7
@servicetitan/skeleton,9.2.8
@servicetitan/standalone-core-feature-gates,1.11.4
@servicetitan/standalone-core-feature-gates,1.11.5
@servicetitan/standalone-core-feature-gates,1.11.6
@servicetitan/standalone-core-feature-gates,1.11.7
@servicetitan/standalone-core-feature-gates,1.11.8
@servicetitan/standalone-feature-flags,2.3.2
@servicetitan/standalone-feature-flags,2.3.3
@servicetitan/standalone-feature-flags,2.3.4
@servicetitan/standalone-feature-flags,2.3.5
@servicetitan/standalone-feature-flags,2.3.6
@servicetitan/standalone-root,1.11.3
@servicetitan/standalone-root,1.11.4
@servicetitan/standalone-root,1.11.5
@servicetitan/standalone-root,1.11.6
@servicetitan/standalone-root,1.11.7
@servicetitan/standalone-tm-api,1.1.1
@servicetitan/standalone-tm-api,1.1.2
@servicetitan/standalone-tm-api,1.1.3
@servicetitan/standalone-tm-api,1.1.4
@servicetitan/standalone-tm-api,1.1.5
@servicetitan/standalone-ui,2.2.4
@servicetitan/standalone-ui,2.2.5
@servicetitan/standalone-ui,2.2.6
@servicetitan/standalone-ui,2.2.7
@servicetitan/standalone-ui,2.2.8
@servicetitan/startup,38.1.1
@servicetitan/startup,38.1.2
@servicetitan/startup,38.1.3
@servicetitan/startup,38.1.4
@servicetitan/startup,38.1.5
@servicetitan/startup-jest,2.2.1
@servicetitan/startup-jest,2.2.2
@servicetitan/startup-jest,2.2.3
@servicetitan/startup-jest,2.2.4
@servicetitan/startup-jest,2.2.5
@servicetitan/startup-mfe-compat,0.5.1
@servicetitan/startup-mfe-compat,0.5.2
@servicetitan/startup-mfe-compat,0.5.3
@servicetitan/startup-mfe-compat,0.5.4
@servicetitan/startup-mfe-compat,0.5.5
@servicetitan/startup-utils,38.1.1
@servicetitan/startup-utils,38.1.2
@servicetitan/startup-utils,38.1.3
@servicetitan/startup-utils,38.1.4
@servicetitan/startup-utils,38.1.5
@servicetitan/stylelint-config,38.1.1
@servicetitan/stylelint-config,38.1.2
@servicetitan/stylelint-config,38.1.3
@servicetitan/stylelint-config,38.1.4
@servicetitan/stylelint-config,38.1.5
@servicetitan/suppress-warnings,38.1.1
@servicetitan/suppress-warnings,38.1.2
@servicetitan/suppress-warnings,38.1.3
@servicetitan/suppress-warnings,38.1.4
@servicetitan/suppress-warnings,38.1.5
@servicetitan/table,41.3.1
@servicetitan/table,41.3.2
@servicetitan/table,41.3.3
@servicetitan/table,41.3.4
@servicetitan/table,41.3.5
@servicetitan/tanstack-query-mobx,6.2.1
@servicetitan/tanstack-query-mobx,6.2.2
@servicetitan/tanstack-query-mobx,6.2.3
@servicetitan/tanstack-query-mobx,6.2.4
@servicetitan/tanstack-query-mobx,6.2.5
@servicetitan/temporal-lite,3.4.1
@servicetitan/temporal-lite,3.4.2
@servicetitan/temporal-lite,3.4.3
@servicetitan/temporal-lite,3.4.4
@servicetitan/temporal-lite,3.4.5
@servicetitan/testing-library,6.6.1
@servicetitan/testing-library,6.6.2
@servicetitan/testing-library,6.6.3
@servicetitan/testing-library,6.6.4
@servicetitan/testing-library,6.6.5
@servicetitan/thoughtspot-theme,1.7.1
@servicetitan/thoughtspot-theme,1.7.2
@servicetitan/thoughtspot-theme,1.7.3
@servicetitan/thoughtspot-theme,1.7.4
@servicetitan/thoughtspot-theme,1.7.5
@servicetitan/time-zones,3.8.1
@servicetitan/time-zones,3.8.2
@servicetitan/time-zones,3.8.3
@servicetitan/time-zones,3.8.4
@servicetitan/time-zones,3.8.5
@servicetitan/titan-chat-ui,7.1.3
@servicetitan/titan-chat-ui,7.1.4
@servicetitan/titan-chat-ui,7.1.5
@servicetitan/titan-chat-ui,7.1.6
@servicetitan/titan-chat-ui,7.1.7
@servicetitan/titan-chat-ui-anvil2,9.0.1
@servicetitan/titan-chat-ui-anvil2,9.0.2
@servicetitan/titan-chat-ui-anvil2,9.0.3
@servicetitan/titan-chat-ui-anvil2,9.0.4
@servicetitan/titan-chat-ui-anvil2,9.0.5
@servicetitan/titan-chat-ui-common,9.0.1
@servicetitan/titan-chat-ui-common,9.0.2
@servicetitan/titan-chat-ui-common,9.0.3
@servicetitan/titan-chat-ui-common,9.0.4
@servicetitan/titan-chat-ui-common,9.0.5
@servicetitan/titan-chat-ui-cypress,2.1.3
@servicetitan/titan-chat-ui-cypress,2.1.4
@servicetitan/titan-chat-ui-cypress,2.1.5
@servicetitan/titan-chat-ui-cypress,2.1.6
@servicetitan/titan-chat-ui-cypress,2.1.7
@servicetitan/titan-chatbot-api,9.0.1
@servicetitan/titan-chatbot-api,9.0.2
@servicetitan/titan-chatbot-api,9.0.3
@servicetitan/titan-chatbot-api,9.0.4
@servicetitan/titan-chatbot-api,9.0.5
@servicetitan/titan-chatbot-client,2.1.3
@servicetitan/titan-chatbot-client,2.1.4
@servicetitan/titan-chatbot-client,2.1.5
@servicetitan/titan-chatbot-client,2.1.6
@servicetitan/titan-chatbot-client,2.1.7
@servicetitan/titan-chatbot-ui,7.1.3
@servicetitan/titan-chatbot-ui,7.1.4
@servicetitan/titan-chatbot-ui,7.1.5
@servicetitan/titan-chatbot-ui,7.1.6
@servicetitan/titan-chatbot-ui,7.1.7
@servicetitan/titan-chatbot-ui-anvil2,9.0.1
@servicetitan/titan-chatbot-ui-anvil2,9.0.2
@servicetitan/titan-chatbot-ui-anvil2,9.0.3
@servicetitan/titan-chatbot-ui-anvil2,9.0.4
@servicetitan/titan-chatbot-ui-anvil2,9.0.5
@servicetitan/titan-chatbot-ui-cypress,9.0.1
@servicetitan/titan-chatbot-ui-cypress,9.0.2
@servicetitan/titan-chatbot-ui-cypress,9.0.3
@servicetitan/titan-chatbot-ui-cypress,9.0.4
@servicetitan/titan-chatbot-ui-cypress,9.0.5
@servicetitan/tokens,12.9.1
@servicetitan/tokens,12.9.2
@servicetitan/tokens,12.9.3
@servicetitan/tokens,12.9.4
@servicetitan/tokens,12.9.5
@servicetitan/toolbelt-shared-registry,1.14.1
@servicetitan/toolbelt-shared-registry,1.14.2
@servicetitan/toolbelt-shared-registry,1.14.3
@servicetitan/toolbelt-shared-registry,1.14.4
@servicetitan/toolbelt-shared-registry,1.14.5
@servicetitan/uikit-docs,22.11.1
@servicetitan/uikit-docs,22.11.2
@servicetitan/uikit-docs,22.11.3
@servicetitan/uikit-docs,22.11.4
@servicetitan/uikit-docs,22.11.5
@servicetitan/unit-tests,0.0.2
@servicetitan/unit-tests,0.0.3
@servicetitan/unit-tests,0.0.4
@servicetitan/unit-tests,0.0.5
@servicetitan/unit-tests,0.0.6
@servicetitan/va-mfe-loader,1.1.1
@servicetitan/va-mfe-loader,1.1.2
@servicetitan/va-mfe-loader,1.1.3
@servicetitan/va-mfe-loader,1.1.4
@servicetitan/va-mfe-loader,1.1.5
@servicetitan/web-components,38.1.1
@servicetitan/web-components,38.1.2
@servicetitan/web-components,38.1.3
@servicetitan/web-components,38.1.4
@servicetitan/web-components,38.1.5
@servicetitan/widget-platform,5.6.1
@servicetitan/widget-platform,5.6.2
@servicetitan/widget-platform,5.6.3
@servicetitan/widget-platform,5.6.4
@servicetitan/widget-platform,5.6.5
@servicetitan/widget-platform-monolith,5.6.1
@servicetitan/widget-platform-monolith,5.6.2
@servicetitan/widget-platform-monolith,5.6.3
@servicetitan/widget-platform-monolith,5.6.4
@servicetitan/widget-platform-monolith,5.6.5
sn-listbox,0.3.3
@thiennq/docs-viewer,1.6.2
tslint-folder-schema,1.0.6
tslint-folder-schema,1.0.7
tslint-folder-schema,1.0.8
tslint-folder-schema,1.0.9
tslint-folder-schema,1.0.10
tslint-folder-schema,1.0.11
tslint-folder-schema,1.0.12
tslint-folder-schema,1.0.13
tslint-folder-schema,1.0.14
tslint-folder-schema,1.0.15
tslint-folder-schema,1.0.16
tslint-folder-schema,1.0.17
tslint-folder-schema,1.0.18
tslint-folder-schema,1.0.19
verdaccio-okta-oauth,38.1.1
verdaccio-okta-oauth,38.1.2
verdaccio-okta-oauth,38.1.3
verdaccio-okta-oauth,38.1.4
verdaccio-okta-oauth,38.1.5
verdaccio-okta-oauth,38.1.6
verdaccio-okta-oauth,38.1.7
verdaccio-okta-oauth,38.1.8
verdaccio-okta-oauth,38.1.9
verdaccio-okta-oauth,38.1.10
verdaccio-okta-oauth,38.1.11
verdaccio-okta-oauth,38.1.12
verdaccio-okta-oauth,38.1.13
verdaccio-okta-oauth,38.1.14
verdaccio-tarball-local-storage,38.1.1
verdaccio-tarball-local-storage,38.1.2
verdaccio-tarball-local-storage,38.1.3
verdaccio-tarball-local-storage,38.1.4
verdaccio-tarball-local-storage,38.1.5
verdaccio-tarball-local-storage,38.1.6
verdaccio-tarball-local-storage,38.1.7
verdaccio-tarball-local-storage,38.1.8
verdaccio-tarball-local-storage,38.1.9
verdaccio-tarball-local-storage,38.1.10
verdaccio-tarball-local-storage,38.1.11
verdaccio-tarball-local-storage,38.1.12
verdaccio-tarball-local-storage,38.1.13
verdaccio-tarball-local-storage,38.1.14
workbench-browser-server,0.0.2
@workbench-stack/core,3.9.8
